-- phpMyAdmin SQL Dump
-- version 4.8.4
-- https://www.phpmyadmin.net/
--
-- Φιλοξενητής: 127.0.0.1
-- Χρόνος δημιουργίας: 18 Ιαν 2019 στις 16:11:22
-- Έκδοση διακομιστή: 10.1.37-MariaDB
-- Έκδοση PHP: 7.3.0

SET SQL_MODE = "NO_AUTO_VALUE_ON_ZERO";
SET AUTOCOMMIT = 0;
START TRANSACTION;
SET time_zone = "+00:00";


/*!40101 SET @OLD_CHARACTER_SET_CLIENT=@@CHARACTER_SET_CLIENT */;
/*!40101 SET @OLD_CHARACTER_SET_RESULTS=@@CHARACTER_SET_RESULTS */;
/*!40101 SET @OLD_COLLATION_CONNECTION=@@COLLATION_CONNECTION */;
/*!40101 SET NAMES utf8mb4 */;

--
-- Βάση δεδομένων: `eudoxos`
--

-- --------------------------------------------------------

--
-- Δομή πίνακα για τον πίνακα `application`
--

CREATE TABLE `application` (
  `id` int(11) NOT NULL,
  `date` timestamp NULL DEFAULT CURRENT_TIMESTAMP,
  `user_id` int(11) DEFAULT NULL
) ENGINE=InnoDB DEFAULT CHARSET=utf8;

--
-- Άδειασμα δεδομένων του πίνακα `application`
--

INSERT INTO `application` (`id`, `date`, `user_id`) VALUES
(1, '2019-01-14 14:39:03', 4),
(2, '2019-01-14 14:42:45', 4),
(3, '2019-01-14 14:43:27', 4),
(4, '2019-01-14 14:47:51', 4),
(5, '2019-01-14 14:56:40', 4),
(6, '2019-01-14 15:10:13', 4),
(7, '2019-01-14 15:12:07', 4),
(8, '2019-01-14 15:12:33', 4),
(9, '2019-01-18 14:10:04', 4),
(10, '2019-01-18 14:14:29', 4);

-- --------------------------------------------------------

--
-- Δομή πίνακα για τον πίνακα `application_lessons`
--

CREATE TABLE `application_lessons` (
  `id` int(11) NOT NULL,
  `application_id` int(11) NOT NULL,
  `lesson_id` int(11) NOT NULL,
  `book_id` int(11) NOT NULL
) ENGINE=InnoDB DEFAULT CHARSET=utf8;

--
-- Άδειασμα δεδομένων του πίνακα `application_lessons`
--

INSERT INTO `application_lessons` (`id`, `application_id`, `lesson_id`, `book_id`) VALUES
(7, 10, 1, 4),
(8, 10, 2, 1);

-- --------------------------------------------------------

--
-- Δομή πίνακα για τον πίνακα `books`
--

CREATE TABLE `books` (
  `id` int(11) NOT NULL,
  `title` varchar(2048) NOT NULL,
  `author` varchar(2048) NOT NULL,
  `description` varchar(2048) NOT NULL,
  `isbn` varchar(2048) NOT NULL
) ENGINE=InnoDB DEFAULT CHARSET=utf8;

--
-- Άδειασμα δεδομένων του πίνακα `books`
--

INSERT INTO `books` (`id`, `title`, `author`, `description`, `isbn`) VALUES
(1, 'ΔΙΑΚΡΙΤΑ ΜΑΘΗΜΑΤΙΚΑ', 'ΚΥΡΟΥΣΗΣ, ΜΠΟΥΡΑΣ, ΣΠΥΡΑΚΗΣ, ΒΟΥΤΣΑΔΑΚΗΣ', 'Τα Διακριτά Μαθηματικά είναι η περιοχή των Μαθηματικών που μελετά διακριτές δομές, όπως είναι οι ακέραιοι αριθμοί, οι γράφοι, οι λογικές προτάσεις, οι αλγόριθμοι, οι δομές δεδομένων κ.ά. Αντιθέτως, συνεχείς δομές όπως οι πραγματικοί αριθμοί και αντίστοιχες έννοιες όπως η παράγωγος και το ολοκλήρωμα αποτελούν αντικείμενο των Συνεχών Μαθηματικών. Τα Διακριτά Μαθηματικά χρησιμοποιούνται στη μαθηματική θεμελίωση του ψηφιακού (διακριτού) χαρακτήρα της Επιστήμης των Υπολογιστών. Ειδικότερα χρησιμοποιούνται σε περιοχές όπως Σχεδιασμός και Ανάλυση Αλγορίθμων, Θεωρία Υπολογισμού, Υπολογιστική Πολυπλοκότητα, Δίκτυα κ.ά. Το βιβλίο αυτό φιλοδοξεί να καλύψει με τρόπο απλό, κατανοητό αλλά και ταυτοχρόνως μαθηματικά αυστηρό τις βασικές έννοιες της περιοχής. Συμπληρώνεται από μία πλούσια συλλογή λυμένων ασκήσεων. Απευθύνεται σε αναγνώστες χωρίς προηγούμενες γνώσεις στην περιοχή. Προσφέρεται για χρήση ως βοήθημα για ανεξάρτητη μελέτη αλλά και ως διδακτικό σύγγραμμα για μαθήματα προπτυχιακού επιπέδου οποιουδήποτε τμήματος ανώτατης εκπαίδευσης όπου καλύπτονται θέματα Διακριτών Μαθηματικών. Αποτελείται από δύο μέρη. Το πρώτο καλύπτει τα αντικείμενα: Στοιχειώδη Συνδυαστική, Γεννήτριες Συναρτήσεις, Σχέσεις Αναδρομής, Θεωρία Μέτρησης Polya και την τεχνική μέτρησης του Εγκλεισμού-Αποκλεισμού. Το δεύτερο αποτελείται από τη συλλογή λυμένων ασκήσεων. Οι ασκήσεις είναι κλιμακούμενης δυσκολίας και παρέχουν τη δυνατότητα για σταδιακή εμβάθυνση στα θέματα που παρουσιάζονται στο πρώτο μέρος του τόμου. Μέρος των Διακριτών Μαθηματικών είναι και η Θεωρία Γραφών, η οποία όμως καλύπτεται σε άλλο βιβλίο.', '9600112398'),
(2, 'ΔΙΑΚΡΙΤΑ ΜΑΘΗΜΑΤΙΚΑ', 'LIPSON', 'Θεωρία συνόλων, Σχέσεις, Συναρτήσεις, και αλγόριθμοι, Λογική και προτασιακός λογισμός, Διανύσματα και πίνακες, Αρίθμηση, Θεωρία πιθανοτήτων, Θεωρία Γραφημάτων, Κατευθυνόμενα γραφήματα, Δυαδικά δένδρα, Ιδιότητες των ακεραίων, Αλγεβρικά συστήματα, Γλώσσες, Γραμματικές, Μηχανές, Διατεταγμένα σύνολα και πλέγματα, Άλγεβρα Boole, Σχέσεις περιοδικής επανάληψης, κ.α.', '9608050928'),
(3, 'ΕΙΣΑΓΩΓΗ ΣΤΗΝ ΕΠΙΣΤΗΜΗ ΤΩΝ ΥΠΟΛΟΓΙΣΤΩΝ', 'BEHEOUZ FOROUZAN', 'Βασισμένο στις οδηγίες του υποδειγματικού προγράμματος σπουδών της ACM, αυτό το διεθνώς αναγνωρισμένο βιβλίο αποτελεί τον ιδανικό οδηγό τόσο για φοιτητές πληροφορικής όσο και για επαγγελματίες του χώρου.\r\n\r\nΕύχρηστο και εύκολο στην κατανόηση, το βιβλίο καλύπτει όλες τις θεμελιώδεις έννοιες που είναι απαραίτητες για μια πλήρη και εποπτική θεώρηση του αντικειμένου.\r\n\r\nΗ τρίτη έκδοση είναι εμπλουτισμένη με πλήθος εικόνες και αναλυτικά παραδείγματα, ενώ παράλληλα είναι αναθεωρημένη ώστε να καλύπτει τις τελευταίες τεχνολογικές εξελίξεις, όπως η ραγδαία ανάπτυξη της δικτύωσης και οι νέες προκλήσεις σχετικά με την ασφάλεια των υπολογιστικών συστημάτων.', '9789604616602'),
(4, 'ΕΙΣΑΓΩΓΗ ΣΤΗΝ ΕΠΙΣΤΗΜΗ ΤΩΝ ΥΠΟΛΟΓΙΣΤΩΝ', 'FEGAN SOPHIA CHUNG', 'Θεμελιώδεις έννοιες: Από το χειρισμό δεδομένων μέχρι τη θεωρία των υπολογισμών', '9789602097076'),
(5, 'ΜΑΘΗΜΑΤΙΚΗ ΑΝΑΛΥΣΗ ΤΕΥΧΟΣ 1', 'ΓΚΑΡΟΥΤΣΟΣ ΓΙΑΝΝΗΣ', '', '9789608250703'),
(6, 'ΠΡΑΓΜΑΤΙΚΗ ΑΝΑΛΥΣΗ', 'ΓΕΩΡΓΙΟΥ', 'ΜΕΡΟΣ Α: ΠΡΑΓΜΑΤΙΚΕΣ ΣΥΝΑΡΤΗΣΕΙΣ  ΜΙΑΣ ΠΡΑΓΜΑΤΙΚΗΣ ΜΕΤΑΒΛΗΤΉς ΑΚΟΛΟΥΘΙΕΣ ΠΡΑΓΜΑΤΙΚΩΝ ΑΡΙΘΜΩΝ, Στοιχεία Θεωρίας Συνόλων, Πραγματικές Συναρτήσεις μιας Πραγματικής Μεταβλητής, Ακολουθίες Πραγματικών Αριθμών, Όρια Συναρτήσεων, Συνεχείς Συναρτήσεις, Εκθετικές, Λογαριθμικές και Υπερβολικές Συναρτήσεις, Ομοιόμορφα Συνεχείς Συναρτήσεις, ΜΕΡΟΣ Β: ΠΑΡΑΓΩΓΟΣ ΜΕΛΕΤΗ ΣΥΝΑΡΤΗΣΗΣ, Παράγωγος, Μελέτη Συνάρτησης, ΜΕΡΟΣ Γ: ΟΛΟΚΛΗΡΩΜΑΤΑ: Αόριστα Ολοκληρώματα, Ορισμένα Ολοκληρώματα, Γενικευμένα Ολοκληρώματα, Γενικευμένα Ολοκληρώματα, Μετασχηματισμός Laplace, ΜΕΡΟΣ Δ: ΣΕΙΡΕΣ ΑΡΙΘΜΩΝ, Σειρές Πραγματικών Αριθμών, ΜΕΡΟΣ Ε: ΑΚΟΛΟΥΘΙΕΣ ΚΑΙ ΣΕΙΡΕΣ ΣΥΝΑΡΤΗΣΕΩΝ ΔΥΝΑΜΟΣΕΙΡΕΣ, Ακολουθίες συναρτησεων, Σειρές Συναρτήσεων, Δυναμοσειρές, ΜΕΡΟΣ ΣΤ: ΕΠΑΝΑΛΗΠΤΙΚΕΣ ΑΣΚΗΣΕΙΣ, Συλλογή Ασκήσεων για Εξάσκηση, Βιβλιογραφία, Ευρετήριο Όρων.', '9789604186723'),
(7, 'ΕΙΣΑΓΩΓΗ ΣΤΟΥΣ ΑΛΓΟΡΙΘΜΟΥΣ', 'CORMEN H. THOMAS, LEISERSON E. CHARLES, RIVEST RONALD, STEIN CLIFFORD', 'Από τα διάφορα εγχειρίδια περί αλγορίθμων που κυκλοφορούν, κάποια -αν και έχουν αυστηρότητα- είναι ελλιπή, και κάποια άλλα -αν και καλύπτουν μεγάλη έκταση διδακτικής ύλης- στερούνται αυστηρότητας. Η Εισαγωγή στους αλγορίθμους συνδυάζει την αυστηρότητα με την πληρότητα, και αυτός είναι ο λόγος για τον οποίο καθιερώθηκε ως κλασική πηγή αναφοράς για τους επαγγελματίες της Επιστήμης Υπολογιστών και χρησιμοποιείται σήμερα ευρύτατα σε πανεπιστημιακές σχολές σε ολόκληρο τον κόσμο.\r\nΤο βιβλίο απευθύνεται σε διδάσκοντες και φοιτητές στην περιοχή της σχεδίασης αλγορίθμων, κυρίως σε τμήματα Πληροφορικής και τμήματα Εφαρμοσμένων ή καθαρών Μαθηματικών. Καλύπτει σε βάθος ένα ευρύ φάσμα αλγορίθμων, διατηρώντας ταυτόχρονα τη σχεδίαση και την ανάλυσή τους προσιτές σε αναγνώστες κάθε επιπέδου. Το κάθε κεφάλαιο είναι σχετικά αυτοτελές, και μπορεί να χρησιμοποιηθεί ως αυτόνομη μονάδα μελέτης. Οι αλγόριθμοι περιγράφονται σε φυσική γλώσσα και σε έναν ψευδοκώδικα σχεδιασμένο έτσι ώστε να είναι εύληπτος από οποιονδήποτε έχει έστω και ελάχιστη εμπειρία προγραμματισμού. Η εξήγηση της λειτουργίας τους διατηρείται σε στοιχειώδες επίπεδο χωρίς να θυσιάζεται η εμβάθυνση ή η μαθηματική αυστηρότητα.\r\nΟι ενότητες Ι-VΙ επαρκούν για μια εισαγωγή στη θεωρία αλγορίθμων σε προπτυχιακό επίεπδο, αφού περιλαμβάνουν τις θεμελιώδεις αλγοριθμικές έννοιες και τεχνικές, και πραγματεύονται αρκετές επιμέρους αλγοριθμικές περιοχές, όπως δομές δεδομένων και θεωρία γραφημάτων. Οι επόμενες ενότητες καλύπτουν πλήθος ειδικότερων αλγοριθμικών ζητημάτων, όπως αλγεβρικούς και γεωμετρικούς αλγορίθμους, ζητήματα τυχαιοκρατικών και προσεγγιστικών αλγορίθμων και στοιχεία θεωρίας πολυπλοκότητας. (Από την παρουσίαση στο οπισθόφυλλο του βιβλίου)', '9789605242244'),
(8, 'ΑΛΓΟΡΙΘΜΟΙ', 'JEFF EDMONDS', 'Η καινοτομία του βιβλίου του Jeff Edmonds είναι ότι μας εισάγει στην έννοια των αλγόριθμων με έναν μοναδικό τρόπο παρουσίασης, που συνδυάζει τη γλαφυρότητα με τη μαθηματική αυστηρότητα σε μοναδική ισορροπία. Η μέθοδός του βασίζεται στο τρίπτυχο κατανόηση, σχεδίαση και αξιολόγηση: κατανόηση του υπολογιστικού προβλήματος, σχεδίαση του αλγόριθμου που το επιλύει και αξιολόγησή του όσον αφορά το χρόνο και τη μνήμη που χρειάζεται. Ο αναγνώστης καθοδηγείται βήμα βήμα, ώστε να αναπτύξει την ικανότητα όχι μόνο να κατανοεί πλήρως τη λειτουργία ενός αλγόριθμου, αλλά και να σχεδιάζει και να αναλύει τους δικούς του αλγόριθμους για μια ευρεία κατηγορία υπολογιστικών προβλημάτων.', '9789605860431'),
(9, 'ΓΡΑΜΜΙΚΗ ΑΛΓΕΒΡΑ', 'LIPSON', 'Διανύσματα στους Rn και Cn, Διανύσματα στο χώρο, Διανύσματα στο χώρο Rn, Πρόσθεση διανυσμάτων και βαθμωτός πολλαπλασιασμός, Εσωτερικό γινόμενο, Προσανατολισμένα διανύσματα, υπερπλάνα, Ευθείες και καμπύλες στον Rn, Διανύσματα στο χώρο R3, η σημειογραφία ijk, Άλγεβρα των πινάκων, Πίνακες, Πρόσθεση, πινάκων και βαθμωτός πολλαπλασιασμός, Το σύμβολο της άθροισης, πολλαπλασιασμός πινάκων, ο ανάστροφος ενός πίνακα, Τετραγωνικοί πίνακες, διαμερισμένοι πίνακες, Συστήματα γραμμικών εξισώσεων, Βασικοί ορισμοί, Λύσεις, Ισοδύναμα συστήματα, Στοιχειώδεις μετασχηματισμοί, Γραμμικοί μετασχηματισμοί, Πυρήνας και εικόνα ενός γραμμικού μετασχηματισμού, Ιδιάζοντες και μη - ιδιάζοντες γραμμικοί μετασχηματισμοί, πράξεις με γραμμικούς μετασχηματισμούς, Άλγεβρα γραμμικών τελεστών A(V),  Γραμμικοί μετασχηματισμοί και πίνακες, Ο πίνακας - Αναπαράσταση ενός γραμμικού τελεστή, Αλλαγή βάσης, Ομοιότητα, Πίνακες και γενικοί γραμμικοί μετασχηματισμοί, Χώροι εσωτερικού γινομένου, Ορθογωνικότητα, Ορίζουσες, Διαγωνοποίηση: Ιδιότητες και ιδιοδιανύσματα, Κανονικές μορφές, Γραμμικές μορφές και δυικός χώρος, Διγραμμικές, τετραγωνικές και ερμιτιανές μορφές, Γραμμικοί τελεστές σε χώρους εσωτερικού γινομένου, κ.α.', '9789604184446'),
(10, 'ΓΡΑΜΜΙΚΗ ΑΛΓΕΒΡΑ', 'ΞΕΝΟΣ Π. ΘΑΝΑΣΗΣ', 'Στο πρώτο κεφάλαιο (Αλγεβρικές Δομές) παρουσιάζονται οι έννοιες της πράξης, της ομάδας, του δακτυλίου και του σώματος. Στο δεύτερο κεφάλαιο (Πίνακες) αναφέρονται οι βασικές έννοιες στους πίνακες, τα είδη πινάκων, καθώς και οι πράξεις τους. Στο τρίτο κεφάλαιο (Ορίζουσες) παρουσιάζονται η έννοια της ορίζουσας και του αντίστροφου πίνακα και γίνεται εκτενής αναφορά στους στοιχειώδεις μετασχηματισμούς πινάκων. Στο τέταρτο κεφάλαιο (Γραμμικά Συστήματα) δίνονται οι βασικές μέθοδοι επίλυσης γραμμικών συστημάτων με έμφαση στη μέθοδο απαλοιφής του Gauss. Στο πέμπτο κεφάλαιο (Διανυσματικοί χώροι) δίνονται οι έννοιες του διανυσματικού χώρου και υπόχωρου, των γραμμικώς ανεξάρτητων και εξαρτημένων διανυσμάτων, καθώς και της βάσης και διάστασης διανυσματικού χώρου. Στο έκτο κεφάλαιο (Γραμμικές Συναρτήσεις) παρουσιάζεται η έννοια της γραμμικής συνάρτησης και η παράσταση της με πίνακα, καθώς και η έννοια της γραμμικής μορφής και του δυϊκού χώρου. Στο έβδομο κεφάλαιο (Χαρακτηριστικά Μεγέθη) παρουσιάζονται τα χαρακτηριστικά διανύσματα, οι χαρακτηριστικές τιμές και το χαρακτηριστικό πολυώνυμο ενός ενδομορφισμού ή ενός πίνακα, καθώς επίσης και οι ιδιότητές τους. Ακόμη, αναφέρονται οι έννοιες των πολυωνύμων και συναρτήσεων ενός πίνακα. Σε κάθε κεφάλαιο λύνονται πολλά παραδείγματα για την κατανόηση όλων των εννοιών που αναπτύσσονται. Επίσης, περιέχονται αντιπροσωπευτικές ασκήσεις, οι οποίες λύνονται συνοπτικά στο τέλος του βιβλίου. Τέλος, το βιβλίο περιέχει ευρετήριο όρων με όλες τις έννοιες της Γραμμικής Άλγεβρας. (ΑΠΟ ΤΟΝ ΠΡΟΛΟΓΟ ΤΗΣ ΕΚΔΟΣΗΣ)', '9789604319046'),
(11, 'ΛΕΙΤΟΥΡΓΙΚΑ ΣΥΣΤΗΜΑΤΑ, ΑΡΧΕΣ ΣΧΕΔΙΑΣΗΣ', 'STALLINGS W', 'Εγχειρίδιο Αναγνώστη, Επισκόπηση Υπολογιστικών Συστημάτων, Επισκόπηση Λειτουργικών Συστημάτων, Περιγραφή και Έλεγχος Διεργασίας, Νήματα, Ταυτοχρονισμός; Αμοιβαίος αποκλεισμός και Συγχρονισμός, Ταυτοχρονισός: Αδιέξοδο και Λιμοκτονία, Δαχείριση Μνήμης, Ιδεατή Μνήμη, Χρονοδρομολόγηση Μονού Επεξεργαστή, Χρονοδρομολόγηση Πολυεπεξεργαστή, Πολυπύρηνου Επεξεργαστή και Πραγματικού Χρόνου, Διαχείριση Ε/Ε και Χρονοδρομολόγηση Δίσκου, Διαχείριση Αρχείων, Ενσωματωμένα Λειτουργικά Συστήματα, Ιδεατές Μηχανές, Ασφάλεια Λειουργικών Συστημάτων, Κατανεμημένη Επεξεργασία, Πελάτες/Εξυπηρετητές και Συστάδες, Ζητήματα Ταυτοχρονισμού, Προγραμματιστικές Εργασίες και Εργασίες Λειτουργικών Συστημάτων.', '9789604184811'),
(12, 'ΣΥΓΧΡΟΝΑ ΛΕΙΤΟΥΡΓΙΚΑ ΣΥΣΤΗΜΑΤΑ', 'TANENBAUM', 'Αυτή η αναθεώρηση του παγκόσμιου μπεστ-σέλερ που όλοι περίμεναν περιλαμβάνει τις τελευταίες εξελίξεις στην τεχνολογία των λειτουργικών συστημάτων. ', '9789604612000');

-- --------------------------------------------------------

--
-- Δομή πίνακα για τον πίνακα `book_lesson`
--

CREATE TABLE `book_lesson` (
  `id` int(11) NOT NULL,
  `book_id` int(11) NOT NULL,
  `lesson_id` int(11) NOT NULL
) ENGINE=InnoDB DEFAULT CHARSET=utf8;

--
-- Άδειασμα δεδομένων του πίνακα `book_lesson`
--

INSERT INTO `book_lesson` (`id`, `book_id`, `lesson_id`) VALUES
(1, 3, 1),
(2, 4, 1),
(3, 2, 2),
(4, 1, 2),
(5, 11, 6),
(6, 12, 6),
(7, 8, 4),
(8, 7, 4);

-- --------------------------------------------------------

--
-- Δομή πίνακα για τον πίνακα `department`
--

CREATE TABLE `department` (
  `id` int(11) NOT NULL,
  `title` varchar(256) NOT NULL
) ENGINE=InnoDB DEFAULT CHARSET=utf8;

--
-- Άδειασμα δεδομένων του πίνακα `department`
--

INSERT INTO `department` (`id`, `title`) VALUES
(0, 'Τμήμα Πληροφορικής και Τηλεπικοινωνιών');

-- --------------------------------------------------------

--
-- Δομή πίνακα για τον πίνακα `lesson`
--

CREATE TABLE `lesson` (
  `id` int(11) NOT NULL,
  `title` varchar(256) NOT NULL,
  `year` int(11) NOT NULL,
  `semester` int(11) NOT NULL,
  `department_id` int(11) NOT NULL
) ENGINE=InnoDB DEFAULT CHARSET=utf8;

--
-- Άδειασμα δεδομένων του πίνακα `lesson`
--

INSERT INTO `lesson` (`id`, `title`, `year`, `semester`, `department_id`) VALUES
(1, 'ΕΙΣΑΓΩΓΗ ΣΤΗΝ ΕΠΙΣΤΗΜΗ ΤΩΝ ΥΠΟΛΟΓΙΣΤΩΝ', 1, 0, 0),
(2, 'ΔΙΑΚΡΙΤΑ ΜΑΘΗΜΑΤΙΚΑ', 1, 0, 0),
(3, 'ΑΝΑΛΥΣΗ 1', 1, 1, 0),
(4, 'ΑΛΓΟΡΙΘΜΟΙ ΚΑΙ ΠΟΛΥΠΛΟΚΟΤΗΤΑ', 2, 1, 0),
(5, 'ΓΡΑΜΜΙΚΗ ΑΛΓΕΒΡΑ', 2, 1, 0),
(6, 'ΛΕΙΤΟΥΡΓΙΚΑ ΣΥΣΤΗΜΑΤΑ', 2, 0, 0);

-- --------------------------------------------------------

--
-- Δομή πίνακα για τον πίνακα `receive_point`
--

CREATE TABLE `receive_point` (
  `id` int(11) NOT NULL,
  `name` varchar(256) NOT NULL,
  `address` varchar(256) NOT NULL,
  `map_link` varchar(2048) NOT NULL,
  `phone_number` varchar(256) NOT NULL,
  `email` varchar(256) NOT NULL,
  `book_id` int(11) NOT NULL
) ENGINE=InnoDB DEFAULT CHARSET=utf8;

--
-- Άδειασμα δεδομένων του πίνακα `receive_point`
--

INSERT INTO `receive_point` (`id`, `name`, `address`, `map_link`, `phone_number`, `email`, `book_id`) VALUES
(1, 'Εκδόσεις Κλειδάριθμος', 'Ακαδημίας 42', 'https://www.google.com/maps/embed?pb=!1m14!1m8!1m3!1d12579.493036372642!2d23.735685!3d37.980087!3m2!1i1024!2i768!4f13.1!3m3!1m2!1s0x0%3A0x1904678c80296ee7!2zzprOu861zrnOtM6xz4HOuc64zrzOv8-CIM6VzrrOtM6_z4POtc65z4I!5e0!3m2!1sel!2sgr!4v1547470987345', '2103300104', 'shop@klidarithmos.gr', 1),
(2, 'Εκδόσεις Κλειδάριθμος', 'Ακαδημίας 42', 'https://www.google.com/maps/embed?pb=!1m14!1m8!1m3!1d12579.493036372642!2d23.735685!3d37.980087!3m2!1i1024!2i768!4f13.1!3m3!1m2!1s0x0%3A0x1904678c80296ee7!2zzprOu861zrnOtM6xz4HOuc64zrzOv8-CIM6VzrrOtM6_z4POtc65z4I!5e0!3m2!1sel!2sgr!4v1547470987345', '2103300104', 'shop@klidarithmos.gr', 2),
(3, 'Εκδόσεις Κλειδάριθμος', 'Ακαδημίας 42', 'https://www.google.com/maps/embed?pb=!1m14!1m8!1m3!1d12579.493036372642!2d23.735685!3d37.980087!3m2!1i1024!2i768!4f13.1!3m3!1m2!1s0x0%3A0x1904678c80296ee7!2zzprOu861zrnOtM6xz4HOuc64zrzOv8-CIM6VzrrOtM6_z4POtc65z4I!5e0!3m2!1sel!2sgr!4v1547470987345', '2103300104', 'shop@klidarithmos.gr', 3),
(4, 'Εκδόσεις Κλειδάριθμος', 'Ακαδημίας 42', 'https://www.google.com/maps/embed?pb=!1m14!1m8!1m3!1d12579.493036372642!2d23.735685!3d37.980087!3m2!1i1024!2i768!4f13.1!3m3!1m2!1s0x0%3A0x1904678c80296ee7!2zzprOu861zrnOtM6xz4HOuc64zrzOv8-CIM6VzrrOtM6_z4POtc65z4I!5e0!3m2!1sel!2sgr!4v1547470987345', '2103300104', 'shop@klidarithmos.gr', 4),
(5, 'Εκδόσεις Κλειδάριθμος', 'Ακαδημίας 42', 'https://www.google.com/maps/embed?pb=!1m14!1m8!1m3!1d12579.493036372642!2d23.735685!3d37.980087!3m2!1i1024!2i768!4f13.1!3m3!1m2!1s0x0%3A0x1904678c80296ee7!2zzprOu861zrnOtM6xz4HOuc64zrzOv8-CIM6VzrrOtM6_z4POtc65z4I!5e0!3m2!1sel!2sgr!4v1547470987345', '2103300104', 'shop@klidarithmos.gr', 5),
(6, 'Εκδόσεις Κλειδάριθμος', 'Ακαδημίας 42', 'https://www.google.com/maps/embed?pb=!1m14!1m8!1m3!1d12579.493036372642!2d23.735685!3d37.980087!3m2!1i1024!2i768!4f13.1!3m3!1m2!1s0x0%3A0x1904678c80296ee7!2zzprOu861zrnOtM6xz4HOuc64zrzOv8-CIM6VzrrOtM6_z4POtc65z4I!5e0!3m2!1sel!2sgr!4v1547470987345', '2103300104', 'shop@klidarithmos.gr', 6),
(7, 'Εκδόσεις Κλειδάριθμος', 'Ακαδημίας 42', 'https://www.google.com/maps/embed?pb=!1m14!1m8!1m3!1d12579.493036372642!2d23.735685!3d37.980087!3m2!1i1024!2i768!4f13.1!3m3!1m2!1s0x0%3A0x1904678c80296ee7!2zzprOu861zrnOtM6xz4HOuc64zrzOv8-CIM6VzrrOtM6_z4POtc65z4I!5e0!3m2!1sel!2sgr!4v1547470987345', '2103300104', 'shop@klidarithmos.gr', 7),
(8, 'Εκδόσεις Κλειδάριθμος', 'Ακαδημίας 42', 'https://www.google.com/maps/embed?pb=!1m14!1m8!1m3!1d12579.493036372642!2d23.735685!3d37.980087!3m2!1i1024!2i768!4f13.1!3m3!1m2!1s0x0%3A0x1904678c80296ee7!2zzprOu861zrnOtM6xz4HOuc64zrzOv8-CIM6VzrrOtM6_z4POtc65z4I!5e0!3m2!1sel!2sgr!4v1547470987345', '2103300104', 'shop@klidarithmos.gr', 8),
(9, 'Εκδόσεις Κλειδάριθμος', 'Ακαδημίας 42', 'https://www.google.com/maps/embed?pb=!1m14!1m8!1m3!1d12579.493036372642!2d23.735685!3d37.980087!3m2!1i1024!2i768!4f13.1!3m3!1m2!1s0x0%3A0x1904678c80296ee7!2zzprOu861zrnOtM6xz4HOuc64zrzOv8-CIM6VzrrOtM6_z4POtc65z4I!5e0!3m2!1sel!2sgr!4v1547470987345', '2103300104', 'shop@klidarithmos.gr', 9),
(10, 'Εκδόσεις Κλειδάριθμος', 'Ακαδημίας 42', 'https://www.google.com/maps/embed?pb=!1m14!1m8!1m3!1d12579.493036372642!2d23.735685!3d37.980087!3m2!1i1024!2i768!4f13.1!3m3!1m2!1s0x0%3A0x1904678c80296ee7!2zzprOu861zrnOtM6xz4HOuc64zrzOv8-CIM6VzrrOtM6_z4POtc65z4I!5e0!3m2!1sel!2sgr!4v1547470987345', '2103300104', 'shop@klidarithmos.gr', 10),
(11, 'Εκδόσεις Κλειδάριθμος', 'Ακαδημίας 42', 'https://www.google.com/maps/embed?pb=!1m14!1m8!1m3!1d12579.493036372642!2d23.735685!3d37.980087!3m2!1i1024!2i768!4f13.1!3m3!1m2!1s0x0%3A0x1904678c80296ee7!2zzprOu861zrnOtM6xz4HOuc64zrzOv8-CIM6VzrrOtM6_z4POtc65z4I!5e0!3m2!1sel!2sgr!4v1547470987345', '2103300104', 'shop@klidarithmos.gr', 11),
(12, 'Εκδόσεις Κλειδάριθμος', 'Ακαδημίας 42', 'https://www.google.com/maps/embed?pb=!1m14!1m8!1m3!1d12579.493036372642!2d23.735685!3d37.980087!3m2!1i1024!2i768!4f13.1!3m3!1m2!1s0x0%3A0x1904678c80296ee7!2zzprOu861zrnOtM6xz4HOuc64zrzOv8-CIM6VzrrOtM6_z4POtc65z4I!5e0!3m2!1sel!2sgr!4v1547470987345', '2103300104', 'shop@klidarithmos.gr', 12);

-- --------------------------------------------------------

--
-- Δομή πίνακα για τον πίνακα `roles`
--

CREATE TABLE `roles` (
  `id` int(11) NOT NULL,
  `role` varchar(256) NOT NULL
) ENGINE=InnoDB DEFAULT CHARSET=utf8;

--
-- Άδειασμα δεδομένων του πίνακα `roles`
--

INSERT INTO `roles` (`id`, `role`) VALUES
(0, 'student'),
(1, 'secretary');

-- --------------------------------------------------------

--
-- Δομή πίνακα για τον πίνακα `users`
--

CREATE TABLE `users` (
  `id` int(11) NOT NULL,
  `firstname` varchar(256) NOT NULL,
  `lastname` varchar(256) NOT NULL,
  `email` varchar(256) NOT NULL,
  `password` varchar(2048) NOT NULL,
  `created` date NOT NULL,
  `modified` timestamp NOT NULL DEFAULT CURRENT_TIMESTAMP,
  `role_id` int(11) NOT NULL,
  `department_id` int(11) NOT NULL,
  `year` int(11) NOT NULL,
  `phone_number` varchar(11) NOT NULL
) ENGINE=InnoDB DEFAULT CHARSET=utf8;

--
-- Άδειασμα δεδομένων του πίνακα `users`
--

INSERT INTO `users` (`id`, `firstname`, `lastname`, `email`, `password`, `created`, `modified`, `role_id`, `department_id`, `year`, `phone_number`) VALUES
(1, 'Mike', 'Dalisay', 'mike@codeofaninja.com', '$2y$10$eKeNH.bNdiBV/yyJ8sVXV.6kDSN5i.Z/l3JxoGX6G8FZ6TlIffWvm', '0000-00-00', '2019-01-11 09:04:10', 0, 0, 1, '6983635992'),
(3, 'Xristina', 'Adrinopoulou', 'xa@gmail.com', '$2y$10$oItk./dBTmb6ym7INU1JQOpB5hR1oAVl9xxWf7VmQ5vgIUwSA9kdm', '0000-00-00', '2019-01-11 09:05:53', 0, 0, 1, '6983635992'),
(4, 'Alex', 'Zerntev', 'alexzerntev@gmail.com', '$2y$10$h8HKj3hG8o1lIF7fWzeG6eaNGMPdC0GoGyeFUinl.SNisXUKm0miG', '0000-00-00', '2019-01-13 19:56:15', 0, 0, 1, '6983635992'),
(9, 'a', 'a', 'a@gmail.com', '$2y$10$eTGvFGMs1Kawr0afzgcrZOaMY/2wu875h980OG4wmjFzSC9JBywCu', '0000-00-00', '2019-01-14 18:00:41', 1, 0, 1, '6983635992');

--
-- Ευρετήρια για άχρηστους πίνακες
--

--
-- Ευρετήρια για πίνακα `application`
--
ALTER TABLE `application`
  ADD PRIMARY KEY (`id`),
  ADD KEY `user_id_key` (`user_id`);

--
-- Ευρετήρια για πίνακα `application_lessons`
--
ALTER TABLE `application_lessons`
  ADD PRIMARY KEY (`id`),
  ADD KEY `application_id` (`application_id`),
  ADD KEY `lesson_id` (`lesson_id`);

--
-- Ευρετήρια για πίνακα `books`
--
ALTER TABLE `books`
  ADD PRIMARY KEY (`id`);

--
-- Ευρετήρια για πίνακα `book_lesson`
--
ALTER TABLE `book_lesson`
  ADD PRIMARY KEY (`id`),
  ADD KEY `lesson_id_idx` (`lesson_id`),
  ADD KEY `book_id` (`book_id`);

--
-- Ευρετήρια για πίνακα `department`
--
ALTER TABLE `department`
  ADD PRIMARY KEY (`id`);

--
-- Ευρετήρια για πίνακα `lesson`
--
ALTER TABLE `lesson`
  ADD PRIMARY KEY (`id`),
  ADD KEY `department_idf_idx` (`department_id`);

--
-- Ευρετήρια για πίνακα `receive_point`
--
ALTER TABLE `receive_point`
  ADD PRIMARY KEY (`id`),
  ADD KEY `book_id_idx` (`book_id`);

--
-- Ευρετήρια για πίνακα `roles`
--
ALTER TABLE `roles`
  ADD PRIMARY KEY (`id`);

--
-- Ευρετήρια για πίνακα `users`
--
ALTER TABLE `users`
  ADD PRIMARY KEY (`id`),
  ADD KEY `role_id_key` (`role_id`),
  ADD KEY `department_id_idx` (`department_id`);

--
-- AUTO_INCREMENT για άχρηστους πίνακες
--

--
-- AUTO_INCREMENT για πίνακα `application`
--
ALTER TABLE `application`
  MODIFY `id` int(11) NOT NULL AUTO_INCREMENT, AUTO_INCREMENT=11;

--
-- AUTO_INCREMENT για πίνακα `application_lessons`
--
ALTER TABLE `application_lessons`
  MODIFY `id` int(11) NOT NULL AUTO_INCREMENT, AUTO_INCREMENT=9;

--
-- AUTO_INCREMENT για πίνακα `books`
--
ALTER TABLE `books`
  MODIFY `id` int(11) NOT NULL AUTO_INCREMENT, AUTO_INCREMENT=13;

--
-- AUTO_INCREMENT για πίνακα `book_lesson`
--
ALTER TABLE `book_lesson`
  MODIFY `id` int(11) NOT NULL AUTO_INCREMENT, AUTO_INCREMENT=10;

--
-- AUTO_INCREMENT για πίνακα `department`
--
ALTER TABLE `department`
  MODIFY `id` int(11) NOT NULL AUTO_INCREMENT;

--
-- AUTO_INCREMENT για πίνακα `lesson`
--
ALTER TABLE `lesson`
  MODIFY `id` int(11) NOT NULL AUTO_INCREMENT, AUTO_INCREMENT=7;

--
-- AUTO_INCREMENT για πίνακα `roles`
--
ALTER TABLE `roles`
  MODIFY `id` int(11) NOT NULL AUTO_INCREMENT, AUTO_INCREMENT=2;

--
-- AUTO_INCREMENT για πίνακα `users`
--
ALTER TABLE `users`
  MODIFY `id` int(11) NOT NULL AUTO_INCREMENT, AUTO_INCREMENT=10;

--
-- Περιορισμοί για άχρηστους πίνακες
--

--
-- Περιορισμοί για πίνακα `application`
--
ALTER TABLE `application`
  ADD CONSTRAINT `user_id_key` FOREIGN KEY (`user_id`) REFERENCES `users` (`id`) ON DELETE NO ACTION ON UPDATE NO ACTION;

--
-- Περιορισμοί για πίνακα `application_lessons`
--
ALTER TABLE `application_lessons`
  ADD CONSTRAINT `application_id` FOREIGN KEY (`application_id`) REFERENCES `application` (`id`) ON DELETE NO ACTION ON UPDATE NO ACTION,
  ADD CONSTRAINT `lesson_id` FOREIGN KEY (`lesson_id`) REFERENCES `lesson` (`id`) ON DELETE NO ACTION ON UPDATE NO ACTION;

--
-- Περιορισμοί για πίνακα `book_lesson`
--
ALTER TABLE `book_lesson`
  ADD CONSTRAINT `book_id` FOREIGN KEY (`book_id`) REFERENCES `books` (`id`) ON DELETE NO ACTION ON UPDATE NO ACTION,
  ADD CONSTRAINT `lesson_id_idx` FOREIGN KEY (`lesson_id`) REFERENCES `lesson` (`id`) ON DELETE NO ACTION ON UPDATE NO ACTION;

--
-- Περιορισμοί για πίνακα `lesson`
--
ALTER TABLE `lesson`
  ADD CONSTRAINT `department_idf_idx` FOREIGN KEY (`department_id`) REFERENCES `department` (`id`) ON DELETE NO ACTION ON UPDATE NO ACTION;

--
-- Περιορισμοί για πίνακα `receive_point`
--
ALTER TABLE `receive_point`
  ADD CONSTRAINT `book_id_idx` FOREIGN KEY (`book_id`) REFERENCES `books` (`id`) ON DELETE NO ACTION ON UPDATE NO ACTION;

--
-- Περιορισμοί για πίνακα `users`
--
ALTER TABLE `users`
  ADD CONSTRAINT `department_id_idx` FOREIGN KEY (`department_id`) REFERENCES `department` (`id`) ON DELETE NO ACTION ON UPDATE NO ACTION,
  ADD CONSTRAINT `role_id_key` FOREIGN KEY (`role_id`) REFERENCES `roles` (`id`) ON DELETE NO ACTION ON UPDATE NO ACTION;
COMMIT;

/*!40101 SET CHARACTER_SET_CLIENT=@OLD_CHARACTER_SET_CLIENT */;
/*!40101 SET CHARACTER_SET_RESULTS=@OLD_CHARACTER_SET_RESULTS */;
/*!40101 SET COLLATION_CONNECTION=@OLD_COLLATION_CONNECTION */;
